ID,Result
img_021ad211b32447e6bf4de6bc53f832fa,1
img_091467ed0ccf490da0d169ec7c07f1ed,1
img_179e3d19a1cb4503adc20bea3ecea941,1
img_1bcfe0d357804289811b2657e887b234,1
img_220c14fdd1554250a507db64c182ab78,1
img_286b312ed776486f934e87101619c5f0,1
img_2b440ae3f74b4d74a7ec5393b0b29094,1
img_30244cc910c744fc866bfd1156149a50,0
img_388cb42db85c4f31945c0eaa4db6eafe,1
img_3a19b1d8d11e411d838a4b6fe1f3eae8,0
img_3ad01d6d49c34e2a8e3f97b6d24f9383,0
img_3b88d5585af243dc8cfacca9c821acbb,0
img_3bd98528f4134f1486fdf777ce1eb686,1
img_3c09664ff60f4d02a067411bbe0874a1,0
img_3c209cb399a6443ea174a2f36a7d2848,0
img_3c30dfdc13714e8496c647cb01f318cc,0
img_3c798978f57d483c9766c634ea6b1924,0
img_3ca4bc6a0c4a4a93b808fffbea04f19c,0
img_3cd3d04070cf48deac01acabd68f2f9b,0
img_3cf65ebd3f1040e3b9d18ecbca6f5dcd,1
img_3d17f0fc2edb4a9d8b208a6590374cfd,0
img_3d1f4b1ef6904708a666dfd1249eee95,0
img_3db05d4df9ec486299f37931d0816bd3,0
img_3e0d66607a4b4d10b9d7f682ed4389a3,0
img_3e3078d2835e4bb9bbe04d7756d0bde6,0
img_3e64a972765c4fd987be652b8b4784f2,0
img_3e64e054f34f4504af15d25cecba48d0,0
img_3e8c10475ce040378152373de009ae44,0
img_3ea909b847b7436d83863c5b026857d7,0
img_3eac2f412f174e1881a469fce491f539,1
img_3eddd1023e9d4915aa0fcd0fcf62a572,0
img_3f0091ac9024440f928209c664413263,1
img_3f2b0424e39b406e8a727508940a0154,0
img_3f50153a08e44b9fa53aa288078daced,0
img_3f59ebb903ea438f972a4015cbb97245,0
img_3fc46c39bff4450ba430ea5f9cf2d94d,1
img_3fd7d4e98b704f808b431f2efb816391,0
img_4012b38f2a5643bea62368c7543cc796,0
img_401a7a2fa5f5481bbbca1e209b78377b,0
img_4025b3612eda4a499b795f14b4ded8ae,0
img_407b4603d64048a086049c4243e98f22,0
img_40ec727a58b6469eaea8fb6dc24ef097,1
img_412b866369814f2e885b4aeb2f4e66ae,0
img_417b4db5ff4a4707990afb3890314442,0
img_4185358f307b40808df911df81e57d20,0
img_41db41d8110e4187af50254c8bcbf03a,1
img_423ff8806b4347858dc30eb42ae020df,0
img_425efdd2550f46db85968135abbb8caa,0
img_42693e181aee48de8fa2a2be7f7e8891,0
img_4294079c981946cea99300da2ed7dbc7,0
img_42a123bc835c4d9ca22cf0c917c6e13c,0
img_4372f24e498e4143bc86cf99c9128f0b,0
img_439a518a95304edc830fb5d01c5ecfdc,0
img_43b1667daa414196800d161ac574e0df,0
img_43ec6ff8804c43f49b594e4a6492b023,0
img_4423df3ac8864d818b509500a9fbdc23,1
img_446cdc5a059e4d238f04525edb44d67d,0
img_44a25d173229424493ee0e38da9df7d7,0
img_44a5673149fc417f8407d3ae5bc8210e,0
img_44a6c81508794a2e971d84095b20d6d7,0
img_44b38b7c935a4082bd796674d58e803f,1
img_4585b5f583e04ec6a21ab4c94a1ca6c7,0
img_45a9fbd660214afbaab802a4b302fd85,1
img_45c5ed4bc52444aca0b1c2015be01919,0
img_45d3310310dc4a569c5488d3a79ca85a,0
img_45fd63839b274e0a9d310cd05b12a68d,0
img_4616f0e5924046a88039d5d44df3cb26,0
img_46483cf82d0f45298d550d68b9921c5e,0
img_4672c578f4064f059a98a2696b22280d,0
img_469f163015244261af8b8f7708273209,0
img_46eda0a775c54de1b894d95f5a6be5a3,0
img_472a587eaf12488c9238038ed87065fe,0
img_47495aa94a35405c81346196fda7dd1f,0
img_476671ffb3df4481a183c5efbe9524a8,1
img_479f3fc6afcb4e3586c4ac6bb3c466b1,0
img_47be5edfc59c431fb558c3abbb94f3a2,0
img_47d6474886394c2ab1f3b4fe963f2b35,0
img_483212bab72045629c4fbc86a83ce74e,0
img_483784ea654542ee9e3c9658812b0fa0,0
img_483b96e53edc445189930870781fdb10,0
img_4848a15f7da348578b1bc14b1d1d0cdc,0
img_4877af8c24034ae6a566d2b327341698,0
img_487e15ecc28646929dc35cc15352307a,0
img_48aac919ef0a4ffba5ff719caab7d997,0
img_48aef74a3544437e8bc6f1b354c709f0,0
img_48cca729a5e942feb21c21100dee1167,0
img_493daa4274c14332947837355f4a5b33,1
img_493e3d70dbbd4ce0844385593ca545a0,0
img_494cd03a8b8c4b9299613cd592ec4f30,0
img_49563771bfd749a1a6f7568ebe2c317d,0
img_49b6d62868b14116b78bc2e2d4e49473,0
img_49e024f596694a29a9ea7b9d701c052b,1
img_4a18cfc023de43bc974dcb9de90a233c,0
img_4a2e30389174415fb03549556da1fe78,0
img_4a6161b41e9b45a0b8862882b96b2525,0
img_4aa30060afec4a1fb6484bf527ba30c4,0
img_4ab321f1d71343628cd7d6e0f9b9fc59,0
img_4abad2ecdf424e9a8f4623b7a89387ef,0
img_4ae9d8dcd69d4eca922111b193ff3a10,0
img_4b08a309ab77444dbfaaf1a5a5c86846,0
img_4b130c1e95ca43218fc69b7bda2525c0,0
img_4b5ce82766984a2ba2982c03223ee563,0
img_4b8913b477604423a9c94a5341d7ede9,0
img_4bac2bd66dd34a5ebe061e8a88cc89f4,0
img_4c0b379c96cc450791f312f9dffd0f9e,0
img_4c0d4dcb3d6745dd9e4fe7e2e4808351,1
img_4c2af2d3928b4a08ac3cda763a1334d4,0
img_4c2fc11dcf0944268fe3a9f1fb0654bf,0
img_4c64c4369cec488988799cb6937e93f5,0
img_4caf158cb5494059af9aa6e618384530,0
img_4caff65ee39f435abe07ae968983c32e,0
img_4cedffee75e5450fadfd7935a8658eb3,0
img_4d1dafc6c1344959ab94284352118121,0
img_4d78664668d24077b84cec23caff4387,1
img_4d997cb2ab09415eb17c5cf6942ae83e,0
img_4dad24daebc6410290715a2318ac8e9e,1
img_4db57c9b29fd4cdf9864156775c1ef5d,0
img_4ddc1e3565d041a484804a87cfba3293,0
img_4de9c71cfacd48d6b2c08b397718aa0d,0
img_4e1f17dafaea4a3785453dc4b2a68811,0
img_4e2e1c8d7241455d8471c39433fc44b3,0
img_4e353311a0b54bb8afc30a301999bdfa,0
img_4e5f4c68563240c1b70a57ed3ab6a66d,0
img_4e87a45bd9b24243a1e3ab123d172eea,0
img_4ec84866ec774d11930848002416e487,0
img_4eccf2d88eaf41db88b0d3da665d39e9,0
img_4ef2344d655c41348f8e5fa9cf01087f,0
img_4f5b7ab7e77347ff8e6dc5e0b6f27bf1,0
img_4f6170c2542443fb830ad0c6a5dfe719,0
img_4f8dffbc76e24fa3ac443eb4039dd1d4,0
img_502d61fd23214390a346355c0d1239e3,0
img_50550313fae74a888fca32d92901a3e1,0
img_5069849180c94b57a1f7a3259575b28e,0
img_50b758882c4e4f4b99ff712b20ce510f,0
img_50e71f4972ba43d19535e1504ce0cfc2,0
img_50ea552276dd437d943162cac9cdff8d,0
img_5107e3b0d98b4bdc9235adc58f7c83da,0
img_5113c779616340a284fecbbb34003b71,0
img_514c7ef661d947deb13800ae351ad02b,0
img_519e507d3335476e9bbb3e3595ed71a4,0
img_51d34cc060da443383a78d2038dafe61,0
img_522cc32444b64428a677f7f24575b73d,1
img_529fa116d7524b58baa8c9b69ec5a258,0
img_53d0a0fb7f914105acac9af1a80b9502,0
img_53e7796feee64cc99daf7e3ddb3b6d33,0
img_544f5bad6b8045c8bec700653d578c6b,0
img_5475b69a7f1a4076bf0a8df2531d33c6,0
img_54b4f377587c489da490810f7779b28a,0
img_54b90657ab0445648cbdb55aa1be1541,1
img_54ba1d7d08fa4911bc5b347117a65071,0
img_54d93863c77d47c9bb5f207a740253df,0
img_55211e65b9844819a61f33f7af6608f7,0
img_557450e3e70d4ee4912b35fd0a65e217,0
img_5583163157a5474a9a87eb84baa8b0a0,0
img_55efc9f6e3e44b27ae8944501126ae64,0
img_55f671a7d3664dc199009da29d32fea1,0
img_55f8ffe6088d48708f558b1880443fa3,0
img_56393e1bc9ce46788eef2ca016ba3cf3,0
img_56610b949b7e45918ae81558ab58d982,0
img_56a16e40ece14adf8aed5c99254c34fc,0
img_56b883bbaf66423c88e3faab145cb27b,0
img_5700ad6dcdc74dc3a6284c721841b79b,0
img_5702f4a012294f54a0a8c5a5284cda29,0
img_577df881dda6465e82dedf87a414c2a4,0
img_57862600c92746e7bd83c98a56fb90d4,0
img_57e0477a8a0f4576b35d56304f28bdb6,0
img_581cc62845b142aaa87f26a38db84721,0
img_582dbe218e79445393c656a501a9f79b,0
img_584aa4e327ff41c0a4c6ec5014af0a66,0
img_58509ea4b3d641a4b6ee4cb242c5e868,0
img_585f1e0bfc154666a73c9b6012828a61,0
img_58f694ad903540b6af8b24a377cd0cb9,1
img_59439064ab974d2ca696eca63e927537,0
img_595bef494f02467281db483dded4ac0b,0
img_5962bfc8f8794af3bf0792fae847765e,0
img_5972ea0707854f22bd22f43b674e58df,0
img_5977165a15b641d3a8d42ae546fac081,1
img_59841940a30c431c8ce613ebdb264be1,0
img_59918f0f7ad14b07adee85c7c6a4c753,1
img_59e15f2ff1c9461fbf330aa5e53ff8c5,0
img_5a26feadc5a348768af80177abae0cb9,0
img_5a2de59bc8704f458bc2540278e20aec,1
img_5a528e678b6a4643b9376c793b5c89c3,0
img_5a5efff411784a57a7300eb193175639,0
img_5a85966fb866495db45d244ef67dca6b,0
img_5aa93984fd36420a9ddbd1535aad6685,0
img_5acac2022b4b4b259c29f83823ffbf48,0
img_5ad1a8579ea545a2869e63f8001384d7,0
img_5ae866d313ca40858a0a2215f8af77d5,0
img_5b0eca04e4dd4c7289d3065e3c014411,0
img_5b9438a7685644c386b6c24ce20b2091,1
img_5bf017c55ce14b558f1710169e9c1c93,0
img_5c063a85f8d14f6f8ce2ac2b0a2c78c9,0
img_5c2f8df50e1f460986957588b4ec6442,1
img_5cb507aa3d6248d1b5d01b40d0e09e4e,0
img_5cba825ea6f14e198c3e7a5e79bc0367,0
img_5cfb6cee670c4e61943b3dd9d9344025,0
img_5d9b4ff9522a427296e3e55758c952b4,0
img_5de3a792e26b4ce2a0f27cc8e6b060f5,0
img_5df8d0016871490c8c4a21ea333699ec,0
img_5e30482283a348b2953c6e6fa00cceb9,1
img_5e44b17ac6034c30b1f3aaab2280433f,0
img_5e6c218694ea4190a1fbf81802407843,0
img_5f17754fe5d84741a4370cf5c950a0e5,0
img_5f6f970b94eb4f52a527409532f088d1,0
img_5fa9f07a3674473e959a6acb755c2f3f,0
img_60130e99a0f94e128c44bd4b4fab66f9,0
img_6065f17e33274446b812a505f2cc2ce1,0
img_633da92f39304be6b4634a83169b08db,0
img_6546056a5e3e4720a5b5289098899a91,1
img_6616fe30fcd74f628611137f06ae9514,0
img_6643f6ddfcb4441ebe8e1682292b03cd,1
img_6694f17e7d20416dadd61974aa6efd29,0
img_669a4ca697d2448b804f52a0191f0938,0
img_66ac6ae430d2469f963c55b0f499f92d,0
img_66c20c91315349469316a12b7787a544,0
img_66c46795ce00433d80b689bf62bc0854,0
img_6701e02b2b82411eacc3728a95c54d8d,0
img_67467d64336041a59b8f077d208f7274,0
img_67572516a192418f87926ff5bef6b480,0
img_6763c67b65ad49018c0eba870949085e,0
img_67cacee309ec468ea64cd56a9b66a0e0,1
img_68115ca6992146afba1e79ba1dd689a3,0
img_686783ded9e446b295fc90e378909fea,0
img_68b111f6a01048bfa8f752f233ef09ff,0
img_6915985df37c42a1b00e1fe39783d914,0
img_69477b7fde1d410290bca87b0760177e,0
img_69713de40c1a47f18d6bc70adb827467,0
img_69757e35975148beae2b70aa9847004f,1
img_69bda61cea7649869bb450d9550753c5,1
img_69c1af94304e42ab8471c93a0029029a,0
img_69c4025ecbd648389d57a7176cd550bc,0
img_69c6c975b17641abb94b9cd02db56bd3,0
img_69ec6f0040ef449298d254a50867b56c,0
img_6a254a0803794a1db295625c2fa79118,0
img_6ab7e598a4d64c079bbaaaf02b684987,0
img_6ab8ee4f26ad430caed6624aefcc4010,0
img_6afa8b6b605e46fdb5cf131934ca7d78,0
img_6affe22e3fda4addb271ed093c68aee5,0
img_6b2dcb56184341ecbb3328a556aa6b8f,0
img_6b3b07884f7046c192d79c6ff1e77a52,0
img_6b3d2ceeffd3470e8fb453112fa0f2f0,0
img_6ba8aa2599d84dd5bb395ef0d3d333c8,0
img_6bab3df3bb704bcd9c68192c71d2603a,0
img_6bae5b6a2d674cada938e5552d219fdd,0
img_6bbd8ccd4e22473597ebff6f49d3fd5d,0
img_6c06963af3bc4f66b64f3553a0e980f2,0
img_6c55b1c45a2948b8a9cd773a8f6573e4,1
img_6c5bc2f7f29b466cb5b1ef41bd67cdc8,0
img_6cbb050e74a84d3f96ce3c58f1a351d5,0
img_6d2ee45b07834f0197e68062f9959e20,0
img_6d47af8459c245eea691bf7f934c650f,0
img_6d63877dfd984e12833979220673412f,0
img_6d8d0fc8e082488598f8c18a5de491e5,1
img_6daf904468bd4170aa0c07a5bd33f538,0
img_6dc70c92dac34df287e1d4c40c774a40,0
img_6de2f3bfe02a485dbef3cc6995fa4d92,1
img_6e1e54abeb9d4182942527b8f03d3a8a,0
img_6e3943cc9fb04ff39d036c2576776aa9,0
img_6e67019417d64fb9b507d5511b02e287,0
img_6e84518c1907433aaaa4f08184c8dbd7,0
img_6e9bef17f2c242a39e4fe5da1432a578,0
img_6ede3fd36bc04224962725258f5135ec,0
img_6ee66ea42bf94d9f9e4100490bf4b774,0
img_6ef018f6f96b49fb8e8c3fbf158681b5,0
img_6f2c3894d84947229c85c342916eb26d,0
img_6f37ba7a81234649b3ce6732ae136121,0
img_6f5833ba7d5c4d9c83edd8f37b74146f,0
img_6f5c4a64aaa44fd5b75540430f8d8adb,0
img_6f9343806d4041e2a468f8f1c88e2170,0
img_7020bcf696834f3e874a1c4a1f942abc,0
img_703021b8d79c4799b28e3ef11f91a2d2,0
img_70366c4041724536bbf3d5b0a9cb3aed,0
img_707cd865467f4ec2b9772109e0a6b659,0
img_708de256bbca4c9e866a7e3bbf4f1886,0
img_70d0a8ee417c46bba5a14077d1295b25,0
img_70d8d9d2114c410f9d176f397706ea13,0
img_70e78a0a252d460dabfb3d0d3a1db127,0
img_70f0d4eba615407a9e7c12f591acdad8,0
img_710feb9ac22147ebb868e3057d98907e,0
img_7135138091614712b7943915a9e6da9b,0
img_718af64f920946d28ff49e718eaf90a6,1
img_719da09f31da4518bca63961c3783f81,0
img_71fbb4f39026423d8b3969dac8c58cb2,0
img_726dda15834c4961940aa2b9ddec5d5f,0
img_72b3020ccc78450a8779de8889424943,0
img_72df921cb1b7439c9b036d79317332be,0
img_734d0b00f8b345888af78da293bb919d,0
img_73515ac00a264070baf5a4d5895d4108,0
img_73f1f538ddb04613ae3a27c44e71019f,0
img_73f81e4fdbba487c941a04d926256bc4,0
img_7407ed7d140f4e99bda94c488a1698a8,0
img_742d595b07bd4855a29fce28a8b39427,0
img_744daa62c3c941aba433caf48f92363a,0
img_748f0e3fa53b4441b55c27ec2eca3d66,0
img_749d191283a44025bd06a9728796b707,0
img_75614766c4d142d98dd23b0d75480e1c,1
img_75afadd84cbf4741adf111af0300014f,0
img_760b984fa9da4850b053a4534384184f,0
img_762540c77e8843d69be58a2e355d70c2,0
img_7649bb0779674692a854283b97afa858,0
img_769056afa83b4741a01c25ec25f6969d,0
img_7692c6f947e44e0691adcf3f2ab50786,0
img_76b8135554274d62a86a2c88a0355331,0
img_76dbb68a687f471582d86b83fe821608,0
img_773208620e844965809964a53b22f266,0
img_774d854122a843c4becb6954b6282cb0,0
img_7781a337ad774c3f99e11666c15224a7,0
img_78045718a63b4329a15e128ef485b79d,0
img_7826e157388244908d09cb3e020d48a0,0
img_7843c8b173d04bb2b924d759446d3bc5,0
img_7847efac65114e5f825f5dbba889392a,0
img_7855733c8a1c4927a0489e741564d24c,0
img_78b3ffa1dac5481290d6780b095d1dbe,0
img_78d6b22b48134494a878608d195a4b42,0
img_7945702c5bcc4b7992ab6f72a1167357,0
img_798e9227998a41d2878c5ba8f6509b54,0
img_79af863315a6477dabdfb3e8ffdeac3f,0
img_7a7816c71d1548c381ed9363e5fe0873,0
img_7af48ba0bfe8421580fd20322c4966b1,0
img_7b6159f427ef4aadbfb5f918448e7c48,0
img_7b69b3faa8d34a27af3aec68fe73a357,0
img_7b6b81174e39458d9c6348df578e463c,1
img_7c0d838f9d974ece92bede07b1aec521,0
img_7c2c5563bcab4776a55b80874b79617c,0
img_7c4caf87d3154c319cdf60e97168da80,0
img_7c5416b8876d446197e660ffcaa341bf,1
img_7c698a49c6e94506867415fa13444d71,0
img_7c6b394ebd004a4ba8e90976a3822cf1,1
img_7c7b369ebd244d8f8716c189b374a9e7,0
img_7c7e1a498e7643deb5d76ec92d6fbf6c,0
img_7ca1237124d84a11bb8a8669f5e6b8f2,0
img_7d437f30e4d74fb8834247d4d8f04130,1
img_7d7b6934bb454c4b97163f19dd3bdd74,0
img_7d97376222314d9bb73771a700c71c5d,0
img_7dd66c8de50b444aa816470a3395d153,0
img_7e2bb924de8d4f2483dd9af02d615017,0
img_7e376f5bfd4f434ab17acc2c623fbf0b,0
img_7e9108b67030434b9086660128d11bcf,0
img_7ee911dc423c4ea79fd943d6528b66cb,0
img_7fdd6c0ced964768985f68caa199433c,0
img_800442ff4f844ac391c7f06bcffb0eab,0
img_800d286bb6524a329b3384e7ee99c6af,0
img_801e0ec689ff4d92b7f5c5ca5dff5d96,0
img_8044036f0d34410bb2c8399e3f21c645,0
img_8057953ee4f14a97a94802b9b0d2077d,0
img_80b4999cc82445a6bb3994ab9431d3fd,1
img_81a81f84153d4eb5802eed8126ab3ffa,1
img_81dd0973a8d54299aa78fc5650316f9a,1
img_81ecaaa62ac9453694c009e58386034c,1
img_8326c2d530044f328e71bf31d105f16d,0
img_83485e19922249d8b082bad30d285ac8,0
img_8381bbe7e6b04cfab92c73a5ae705af2,0
img_8388168308b54db99005b520d04575b6,1
img_83972eed74464374b496829d40247e40,0
img_83c011a30abf4f5e83accb236c913016,0
img_83cdb155b8d54bc8b3b0c4746e155f32,1
img_83d63a4795524d9eb3a495bc2893ef40,0
img_83ded178e0204c95a8d5578401857c83,0
img_843b912a0fb049f59a2f02c8c8eff45c,0
img_8458ed785bb1422d89550057ebb30553,0
img_84a8827fc507478290407867c02b9a91,0
img_851a67f6b11845e5848595208c71f12a,0
img_852651dadca64599bdd8d436eb213743,0
img_855c4ab77985400fb0be43592b8bc0ef,0
img_85d8a4040fe748b9ac9f8413e4334bcb,0
img_8608e4ca481a4a208e37525392258ac1,0
img_862892a166a94b2ea7a912c0d955697c,0
img_86ead46d96124edd9bdf13d2872f7fef,0
img_8732b6eefe044daa9c96d72bb56e3bf5,0
img_87414ad1e92d4130b24abdbc83ec60a2,0
img_875366dfad2f4837827a60cd54c01a18,0
img_87e3557ea2d944cd9f9d6d002f5b2ad4,0
img_880032a6cc4e492f9a2faa65a4d5d59d,0
img_88065e83eccb4a4cb19b8532e3fb864c,0
img_88227fdd91c946369102ae7430e2858e,1
img_88714dd6e1b241b8981e21e5a53c4b83,0
img_888f5bed31b24bcab5c299865a87e407,1
img_89020e5243074986913335e0fecaabbd,0
img_892cd42344c04ef39b47dd24ff441ad8,0
img_895c8df20a5740269cead79b93ef62f0,1
img_89607d9dd0fd4a218950ba76a392ef39,0
img_896cb87fc3c44cbf9913ab4c496984ff,0
img_89ba0e0b2dc340a2897cf42f599fdc3e,0
img_89e901031f674843ade4eebe1aabf865,0
img_8a004a259ff14940a5e3fd05a0698513,0
img_8a6045200ff44fb09f187ce30a42a2ef,0
img_8a6c032f58fc47cfbeb6ed27f847bc1a,0
img_8adbfad82d804c78ad10a484baad47f7,0
img_8b76bdaac9234169a45d08ed66c09e7d,0
img_8c6134e150ac45bcb123d09aa9ce96d1,0
img_8cbb5e70e3e84384b37efdb2d08fd5fb,0
img_8cc95a171a40412cb4ec3cb0299a9a6a,0
img_8cf08d9045e649deb53ee458630c4170,0
img_8cfc4e2b9a8f4222a891ec24b8ce1ac9,0
img_8d1310fc4c584515a819a256dd79a43c,0
img_8d515d1874444b2cab02e40d456d3c7d,0
img_8d5773ee6d8b417ba0c8d3270963ed5b,0
img_8d8629d16b6b4803a6177d9c6691fb02,1
img_8d93bd0de4fc4f53aa61f60c4356af55,0
img_8dadbb7773b44bd7a9e78e7fa3132cdc,0
img_8dba828a10784d28b12cbb30a6833236,0
img_8dd78e60afa9420e8572d81160be34d2,0
img_8e43d4bd9d4d4487a1823e6742fa7d16,0
img_8e49f694f3c44b0793d0465f7cddfc52,0
img_8e648973fa7c4eb7b0cb4456327427da,0
img_8f06a013f39a418f9d9e7e969775c69f,0
img_8f34419803764cd08a8eec3ea8300755,0
img_8f3942fbbafe469b80855497b99cdf73,1
img_8f46b550bcd2425b9f94fda4a9b0a6c5,0
img_8fe067c6cdc14f57930826aad5223d9c,0
img_8ffecddb9f7c4a43a2a34e7d07fc07c1,0
img_9011212c89df495f987b8130fb356656,0
img_90a58dcb84cb4d6ebd3284093b84a5f2,0
img_90e1407963f4487392e3bdf3b6d4fb63,0
img_9156af1f823d4aa48c6b9014991aa987,0
img_91709bb09a384565b3b1360c35d55d4f,0
img_91b7411018504f449cec210de12e4830,0
img_91c3daf6e37c4334890e2a5af0640c5f,0
img_91dade02736a45f69b398eeb8951d48d,0
img_91ffe8bf91f84a5f9036797f6e9fe131,0
img_920127b9f948431cbbc00e1b1e0114d9,0
img_92071dea273546888c6cfd057fd3e0e2,0
img_923100dd43174ddc947742eca4546945,1
img_92bc78cef49d448abb64435f7af123c1,0
img_92fe342ed93349aaa6471389f3ec25f7,0
img_931da8f9232f4ebeac8b87367dfca1dd,0
img_934b286b421946eb86235e9e4af65b1b,0
img_93e951c3a11642f6be9d702d2a327a9c,0
img_9411b9e0d08c4f2396d474b6e571e7af,1
img_9424d91816804df791299d5206d52ece,1
img_9436ae4bfdb34e46b60b95fedd53ce21,0
img_944ca764761b4bd98b727472de113716,0
img_9499c1de1fc3494eac9aaa3a3a2a4144,0
img_949e4314f3a944bab1095d71144b75ca,0
img_94d262edefee4f18b56b4d2492d77942,1
img_94f7033effff453d92114d6699759a2a,0
img_95346fece81448a1a4ba8efd6250e42b,0
img_957ec256db42474ca69f514e2888ca2b,0
img_958b20a4e37c4dfba4b3cb173f33dc0e,0
img_95b0c30143a24159a983652c93f0acfb,0
img_95d4f653f45a4f6496290fa8375c783d,0
img_95d61fd9edd14a1695581261ded9efb8,0
img_96523c670cda41e98f6168aebf9b8eef,0
img_968997b3236a4dd1ba9d251c4c9a285d,0
img_969d56278bc1499192abcf8406a04c87,0
img_96d5f44e64414a0c9454a8678d9215bb,0
img_9704aeaa86794909919e7554f6afba0a,0
img_972102a478834ea4954a834b9b9b77f6,0
img_973192780a96499c929bd245f6df4022,1
img_9737d94d0d5949eb828aee956c0e2a40,1
img_9752e0a59e5b49b9800bdf73d7b1a683,0
img_976c591967fb4d65ac9fd2d00e7bc8ed,1
img_976ce6f08ad14d31a3b11d74ec3e3b23,1
img_976e75b79db1420d85deb0f092d67391,0
img_979015d1593540e89f496edf3576f6f2,0
img_97a7c77e9bee475a84a8f68ab8a3702a,0
img_97f8c01cd80d4758b56a0e35d4ea9f23,0
img_984d6acd9fa041e9a85f959308aa9e69,0
img_989fffb71278461389c8329b1faddd52,0
img_98a1c89739a8492a8d4675229e37b1df,0
img_98ddd0f67868425c95b417eaf4fb667d,0
img_98e2776a2b2743cc9e12048bec37932a,0
img_98f67ca4ead44a9ab70f82f9261ba0bc,0
img_9909ff6e07e14466a76ceb7662c9edd1,0
img_9928e8f169964feaa1970018929e69bf,0
img_992dea0dc36b414ca7e983a697ccc2b5,0
img_993b22b51c534cbbb58dc96491cf6a74,0
img_994f9dfc484a4677960aa6510b6f066e,0
img_9965613f600946819469c518fc73a927,0
img_99815f18c6334565a899d26d14c11d73,0
img_99ed37b2722447e5a8fc33174ef70933,0
img_9a185ab970db41759c979f1a454d1f08,0
img_9a37acc3172f4a48bb1a2985c68b6021,1
img_9a455bcfebcd4f17abd16ba0399a052d,0
img_9a7ed23e68db4aac980577ba370a5e61,0
img_9a947510b8224ac59709dc481670ab55,0
img_9b25116c961c4037b5682a150c39aafd,0
img_9ba656030a4945db8571b05247833e2f,0
img_9c2ff56d9e7f43aaaf4f119e5651f94f,0
img_9c37f3007687489f9c43088ee25e5269,0
img_9c3ef2a889214b818fefdf550cb6ba2d,0
img_9c5fb0caf5c0401a982eab37d88f8c30,0
img_9cadad518112424081d3e03739a5df1a,0
img_9d059d91f840408a848940ee5258aebc,0
img_9d1d96648fd64f7f8608a6fd96eaeb4b,0
img_9d86ee813f0147fd8bbacc27d9090e90,0
img_9ddfbc90e69c4ca195ac8945b55e7f47,0
img_9de085e734ab42dea3b444d0c9affdcb,0
img_9de72e7a247d4d80891aaee6f55179be,0
img_9df60242f50b406fa4813d7aa47c3b78,0
img_9ecd20194bf343429d3d1bc024ed096a,0
img_9ed01467e4a244018e675955b24aaf93,0
img_9f4d13fec8e6498d8b00318e95347741,0
img_9f7b2fa8f80e45dab51ff5a8bdaafffa,0
img_9f81892a13734470b97d1426ff8662da,0
img_9f86c89f5276440a86e8cbf6f8cdd9d2,0
img_9fa84957f55d4a40bda538bad63e422c,0
img_9fb601261ffb40a3b2ece2dfe2259712,0
img_9fc7d0d2546a409f9615b75bf1a6e76a,0
img_9ffe5f710646498bb98025203df297f3,0
img_a005ac92bf744e208196f29e4ea424cf,0
img_a07065e6685c49d7bf0280326d4a3cef,0
img_a088a4429241449b9743c2200a08abb7,0
img_a0a1d7663ef84aba8427929555e59c37,0
img_a10331d4014640a2954362478e618e46,0
img_a1448a196ec34aada5d9cb30f27cd843,0
img_a14f13773983472693ffd6f81438a9fa,0
img_a1ae0cc5d3264e0ab18ba722b93b5d90,0
img_a1f35f5f214b42f497973a8e9809eb3f,0
img_a203a011419f4aeb81650c45fc0b788e,1
img_a2c876fa55c64f21a4a8042fa5585169,0
img_a2f62348bc864512bd307d4787522654,0
img_a3317806ef374cf2ac34ad55f2dc9197,0
img_a3b09773f6664ce2924e2afb93836314,1
img_a3f43fb4c3ac46f1b15bb1208d6d392d,0
img_a416280f5d444274a613cb603e207bda,0
img_a41d321477f0455b9b6a0a68f208f95f,0
img_a4f862169871479290e507c417463be7,0
img_a504f4b672694cc4a98c35a04baa1fc4,0
img_a507629960364342a128ea6bc1f08e19,0
img_a509d80faf084861824ff2a94e8dd290,0
img_a51126caf8d34a039707249a8255fd2f,0
img_a541c7ba53e44ab5bbfc09c377c12901,1
img_a5808395d6ad48818d0b4140484ce7e6,0
img_a5a295b95ee045b8a12e844b19518818,1
img_a5b03cf6f62b4653b0d6a7311cb39e36,0
img_a5bc6751ec634b97b12655e0ced0b46d,0
img_a5e37e94904340ab8f90a9c3e7e4682c,0
img_a60c550ce65349cd8217749be0ed4aed,0
img_a641aa5952e841bfa63916de1c97e772,0
img_a6588eb025734d15a6955499a8139d2e,0
img_a65e9c3e356240cb81ee1a3aa1244275,0
img_a65f3855639444aca871fc1e30d59443,0
img_a686b90298034159b505736d3c41abc0,0
img_a6a913a7b96541d6ba60d6b0dac03bac,0
img_a6ae63680b324f8d81f61e2ba100c69a,0
img_a6e4b69d44464448b78fe9323d3d2e56,0
img_a73c2a24372449938953b7f81abaa901,0
img_a76c52f180db4e2e9bdf7b530b5082f1,0
img_a7defb10bc064b9b9e42c043e92194a5,0
img_a7fb7dfad39847b8aa3b8956ef48f769,0
img_a8684ecc6ff74be396bb7565c6a1f530,0
img_a93673c4b00c4ffbb3ce7b035003a777,0
img_a996b24b822c4af9b3e69a310e2ae81d,0
img_a9da38ef3f4148b5a153dedadc2176ea,1
img_a9f106322b574855818759c653b363a5,0
img_aa3ad8bada7e4d45a566bce2a08b58aa,0
img_aa583978ea1e4d2f9b9122876f1a68d5,0
img_aa9976957e124ce7bdf16aaf1321e5ff,0
img_aae4073ba5fe42db9707c790799cac47,0
img_ab1e24ba622d4d2d88e5773c217e2242,0
img_ac13078775bc4438aad1d60e744175e7,0
img_ac98f07a5f45498586ac15369025cbdc,1
img_acb1e26f50104738a08302611c02de3d,0
img_ace73223ebc84a958a226d43d36988d6,0
img_ad02b40207de42b4b131432b7fabdef6,1
img_ad067250dea34778b92d49dfec05b613,0
img_ad227bbd408846abb98c4da3e6bf1eab,0
img_ad61bc3624af4b8bbebe59eab6f27e65,0
img_ad762f037f374eab846933bb4b95d9d3,0
img_ad800495b01b42b8ab5e819cee514374,0
img_ad99b4ec0c704d0387f5b69eef4def8e,0
img_ade519c0f1f140299e40a76f2e12b6f9,0
img_ae1cbc66350e4c11b688cb733cfda1fb,1
img_ae249993dba74d35a5a7de661aa80cc0,0
img_ae43cf0df5db4a9ca362e85759559d42,0
img_ae6a4cde6b8f4eeb8466b7cdaeb10ab7,0
img_ae6b51476439460a8efba3207943b89c,0
img_ae7e942ee2504ad7b21de81ec4dca6dd,0
img_ae9fd56a4d86469b909108e178384f5c,0
img_aea9f9361cfa42b88af0a00adb5de7db,0
img_aee0003a3c3d4b5cb287c353417a5a97,1
img_af34d9628ee946d78eba002d4bf40ff5,0
img_afb1264874b546fd8b9eeb99db61d560,0
img_afb75257c7a140dfa9a5cb7e87a7ca3b,0
img_afd3373d4b574f39b043662f252a1aac,0
img_aff1999e912c4e0d91fb775711feac29,0
img_bb543fb76593458eaacc9214f0f450e9,0
img_cd5f51571f754120b30af1acaa33e1a0,1
img_d727646139324f309bac03f81febf9d5,0
img_d72a5e851060480297b8f5250a1946e4,0
img_d75f72b719304d45a01800be1faf4bda,0
img_d7b06e1505dd4c7a94b158b77324cde9,0
img_d943ee09b9b14bcba9464a39a1db24c1,0
img_d96381743058414caf83dcaaf150f36c,0
img_d9d7e85badb7414bb7570172f922b27b,1
img_da0735a6d14b4cfdb010b8e0bd8fc906,0
img_da142f4e43e944dbbedbf72aa24f268f,1
img_dad222b57f0c43da8fdf614f7d362c18,0
img_dadc57031d0e446ab65fd9b8cc81d9a6,1
img_daf53b9ab8804c6c8bf2d6e069750303,0
img_db1554231b8c4a14b227e7232d74dc73,0
img_db3a8853221a44119b44ac28676666a2,0
img_db7066806cf44e4cabae660da07d1b99,0
img_db8a6e9eb59f4cb398e131f4430bac19,0
img_db906c76d3844f9b82a3ed62d97cac55,0
img_dba47de9aa8c4d67978d9341ad92e970,0
img_dbbd546ad1b14025884939a2b421486e,0
img_dbe4b0b62cf449fca8def0384f36b0be,0
img_dc361070a25a49699d4a2b87664891e9,0
img_dc5b04926e994140afa560c06ac2cc71,0
img_dcd5ddf8c05f415fab71b2801897cbfc,0
img_dd545b5e293a4e16a34b98629e61eb69,0
img_dd56b7a8e6924087907705670e41437c,1
img_dd570e8e621946509313d6f45d40ca69,0
img_dd57eb0ce1f14118aa4fb5db583bf583,0
img_ddb495de5ac74028b56d71619b08decf,0
img_ddbc0e103f284bda8781f7ea70f21fd9,0
img_ddfcea3b52664c95839b3a581dfb6eb8,0
img_ddfd0147e49b467d95bc20e457592199,0
img_de02f92ccc08466ba34175d38ffdfc9e,0
img_de03bd30b7534ba1bffb6d5dbcc4ef26,0
img_de8c4332fed34ea9b60481dc9ddd7b38,1
img_de97b259f61b478f8928769f88e57519,0
img_deaf3ad63a2e48999725e015ed210ac7,0
img_df12fd48f9b94679b23d30c82295263f,0
img_df1580b19b874519963c7169fdc29bd9,0
img_df291724527f4adc9e057ae2c0370a29,0
img_df3742e34f7748f8990a927a92f039a8,1
img_df49032dd7bf428c898a39d87b1c069d,0
img_df5f41cc72f0463e95a0befed0d87e27,0
img_dfb18f578f404d9db6e0660d7a63b9c9,0
img_dfbe0290d6564ccca5f0713433100ca5,0
img_dfd57e956cc448e396efc570c66d7283,0
img_dffa99186bf84954a6c240d217bb07df,0
img_e04a82750be94b73bee624fd6de8301a,0
img_e08521e5eea243138e6cf186292409e7,0
img_e08ad7f726654d589205a9ffff6036f5,0
img_e091ef85df574667ac1e3e0578f0bed7,0
img_e1cd658bcec5440fadd5be2ae045607d,0
img_e2173f11881e4bd49c88ffee11cc8407,0
img_e22cc6d86c604bd29511afac3d3f3b5c,0
img_e270f187e21f4c0385c42189d5f211cd,0
img_e2b890f8021f435e8e8445ea3b8f1b78,0
img_e2c53382f07540b993f0f28185b3be27,0
img_e2dee35b48b94e8faa9c2fb2a02d1ac6,0
img_e2e4b4e6dd6549e4827abd270cddf7b0,0
img_e3285ae8e8e348efb5beecac2ec064ac,0
img_e3903cd29c6e420b8f635d633a652253,0
img_e39fd1451de04a3ebd4b418dfa221a8e,1
img_e3aef39ed2194e96a708a3db471b02af,0
img_e3d1870ee7314c2dbc168497ce80d630,0
img_e3d9a9c421124203b80c36e2d85e39ba,0
img_e44c410054384b89aec724a81d47c7b5,0
img_e456a96752fe4d07a4bbfa0ce21b3102,0
img_e499265a4a264fc6a25428b14f4beafb,0
img_e4f64c383b234a2cb9623a5fe119b05e,0
img_e5880216604746d98db083bb5e4c529f,0
img_e5c64bb0480d45eaba8695c7da9e4b08,0
img_e5c79c0fc8a1410c9548e317e92eb63f,1
img_e5edf19702e44e12829652ca66dd238e,0
img_e609f35f998344a7a2c6fe0e966bdc27,1
img_e60de2428e3146b882a1be8979a4ff48,0
img_e6fda7e43bdb452fb5ab9e8dfc5cebeb,0
img_e7ca79040a184293ade267876e21cc70,0
img_e7de662b9fb843aab9acf59109405dcb,0
img_e82b7fa705a34f94a6cd00ced2df3044,0
img_e855fa211337437db2a4f9c3b58f1ac8,0
img_e88ae6636378409eae92a4d08302a8dc,0
img_e88d9a8072ca490da73fc0a61aa07379,0
img_e898a1e4523b44099a1c714d82ea9acb,0
img_e8f62009e39d45daafeb24009567235a,0
img_e9570a0e8a934cd9be8d3c680f9754fe,0
img_e9672e35e48d4821bbba923d9cbace26,0
img_e9720a4156204c189aed944f819d8853,1
img_e998ba59fd844486bf495a0d067bb164,0
img_ea19fc9b8a4841f5a21b6cff3c194a66,0
img_eb243db808dd431bab27175df348013b,0
img_eb3110bee1ac49989c04e897ff0530f8,0
img_eb36f84a5f004ce98b8e0fb6f458f420,1
img_eb79c69b42224775ba73ce4f307e4dc4,0
img_eb925f2ca9274b4b9dea713a61854e92,0
img_ebe6ee45b7de4e99a8f7218ad1e07843,1
img_ebf14cbf41504f43bf774278f54bf276,0
img_ec2da75bbdfe47d8b20cd2952a3e94ac,0
img_ec35f7094cec44d7ac25c0dc846461ff,0
img_ec7c198e8a8c4592842396ac86c66169,0
img_ec9204fd50984d0d84b684ec6567c302,1
img_eccfb81367b04177a3665520ceaac422,0
img_edf7354754f8408cae5111522dd969fc,0
img_edffc8d850b94b6aae0e8eb7385a0271,0
img_ee80d52e142240438e94a486d166df53,0
img_eea531868a3b4c48b541ff43881e07c1,0
img_eea5c45f0d5b467d95a26f7f440426b6,0
img_ef157f2662da46b1aee9b5c45e5cdc14,0
img_ef5a755cf8db40db8803b24d0a01856c,0
img_ef6765f13dc8476087dbc313cd6fe098,0
img_ef6b8ca9f26745b188bd32c78c5ee3e2,0
img_efc2c3c3ae4e4d688db827335f0489a8,0
img_f0239b5638f04418bd2b8445a051bd3e,0
img_f0418ff0a9ba47ceb87516f9db65f0db,0
img_f051c335d0a24ba5acba9418c4cf4acc,0
img_f05521558fcd485cb3877f38bd3caa9e,0
img_f05f87bc6c6d46269f5f7f53012f3fb9,1
img_f072bd8cbf264cc6a189d162d79f6179,0
img_f106b95b4eaf4db69350fee754070322,0
img_f11fcd6538d94576a919920f5e822558,0
img_f17a20a54a974c709004084dd451aa46,0
img_f1b94e7aa50841f5b37914cf9f35bcb1,0
img_f1bf8795894542b4b5fa1ed26711f30a,1
img_f1ee8aa5ea844ef98db384fb52ffb2ab,0
img_f1fab7b3224341af835b2a52bf29acd0,0
img_f221257c78764d8fa0ba5f31a9a5db96,1
img_f2513eec023b4a248e262d87fd8916d8,0
img_f27c1a7d12c9404f9ec2bf4940eeb9db,0
img_f2c433ac8650459a8148385c0830af9f,0
img_f3017adeb2624c31bacb6961ed3183ed,0
img_f3247a8b067641a28e43fb279e86874f,0
img_f347dfc57c06488d80e637d662c4efe1,0
img_f374c4b65e9a46658f66d52289fa59ad,0
img_f3c51932f770428384d5b487dbd70703,0
img_f3e3d52879b5419680a8e4606c4ab8ca,0
img_f3ef9757be0041bd83a1ef8173df4936,0
img_f40d0535692f44f5b69e5626771fdcff,0
img_f427122157b34039ab8fc1a70cf9664a,0
img_f45fb36ef70f40d3ad3b0ea23f3476bf,0
img_f50bc7c5881c4bcbae0deafbbec1d660,0
img_f5859326de164f28afb4c34e3208d639,0
img_f5871fee96f34a1aa3c797bf0dcf3240,0
img_f592b4a8164c48a88051e9370c0d1ab3,0
img_f5abac3f659b4d9fb6d93a1896140da1,0
img_f5d0605b12f94371b76016c60e4eb5dd,0
img_f615eb8530b345a29b7691ceb008c850,1
img_f61a0b2d3a0d444fac0eac096f80e195,0
img_f642290246eb43ed85f867551ffbff38,0
img_f643d17ec5164cc1ab40c4aebd2c09eb,1
img_f6686e997b144376b6ce672bd3583313,0
img_f7207e0e97dc4a70b67a506a54761bb3,0
img_f73d72e0011944c5a1c245ffa25e0fa1,0
img_f7b1760a8a1340c582b5d9f3937917cc,0
img_f7c4e19c10254d54ac8819b99602b6b9,0
img_f7dc3378d7e14735bf5b888e4f7a708b,0
img_f7dd01b0d96f41e09ec192619d9f9dff,0
img_f7e5a7d544bb47fabfcf69862633ba3c,0
img_f8648d5d892c46eeb63fe770fb5d389c,0
img_f878a98558b749a08c272961e76548b7,0
img_f87d02946b0e4d8fb1d73dc5aaefaa02,0
img_f8869127a2a34b088087f130a5f09010,0
img_f8a2b326f68f430eac53cd736fad94e7,0
img_f8bf03060ce1414fbd3f5df95b9549e1,0
img_f9031d6319bd40f284726af8804f1bb7,0
img_f9092a9945f14909aa9a9d72ebdc7512,0
img_f911a541b0c3463495cace5bfb940045,0
img_f921bfe7cdf04b8290a80c0cb734035d,0
img_f945b08ff9e547bb89f7b94555a33fe2,0
img_f94a34a5d4ee45a890b4fc300cb9430b,0
img_f9e4ebc9a27a4eb284b9a39ab287ae82,0
img_fa2fe039d16f4b538d44a98f4358f0ea,0
img_fa373af47c1448d3989cc141819eb5c5,0
img_fa6034a22b844fd0bd528451d23d6266,0
img_fac4cf2338a442d3b4040a8b356b6f27,0
img_facb92e02c30476fb7facb85a5167e77,0
img_fadad20190e34b48b07eae82926f4856,0
img_fb1653ee98464062bf47077fdda415e9,1
img_fbfcbb4cfaa1453f80c34b20f249a92f,0
img_fc1376cca3e94bc4b430d3103cc9b507,0
img_fc1b04927eed4030a1f302a2996397d3,0
img_fc1f2df6d4b148588caf0230ea4a8eb2,0
img_fcaf4e672eab44188b718ed41d059d71,0
img_fce70cada4d94d1fbfb4734f0caa9a89,0
img_fcf14ce970224849ba4f94a7228ed980,0
img_fd0fb58ea1ab46b8b73a0989f7823d31,0
img_fd23e7c0376948598f91b66e4afa502f,0
img_fd2473aea38145e2a4a4d73cac27e4ac,0
img_fd3ddc793f2b49928afc3fc4644f8904,0
img_fd55600680224b93b1d342a5d240f06a,0
img_fd6316a96b514ae2954f5e86302e0f07,0
img_fd6782deb9d94db8908bac0e3a849f40,0
img_fd686e8f6c7c4307ab5c720cf1bf41f8,0
img_fdd1244b5c0144bd8f85e896c1985fe2,0
img_fe0b23bfd7ec468b8b632fb9d079bfc3,0
img_fe6f4403ac95401e8df4fd4eeb0a5e1e,1
img_fe9bb1a2841a430e9c46e611b25afb8c,0
img_fed72966d3cd4dff853ddb479517c653,0
img_feda47c0e15445fe980f4ad3830bd58a,0
img_ff2248105b7045d38c18e3de0f04adda,0
img_ff7b67c46c324fb9800e5d9b011dd937,0
img_ff8dc032ad2148da970017f233942720,0
img_ffac5b49edd346d5b4f6563ed044e656,0
img_ffbb9b58d240401c9de9e42353831cd3,0
